||Columns|
Rows||Measurement level|
|||
|||
||Population Of Sre-1, Sre-2, Provinces And Districts|
Adana(Aladağ)|2015|16823.0|
Adana(Ceyhan)|2015|159504.0|
Adana(Çukurova)|2015|359315.0|
Adana(Feke)|2015|17214.0|
Adana(İmamoğlu)|2015|28686.0|
Adana(Karaisalı)|2015|21451.0|
Adana(Karataş)|2015|21939.0|
Adana(Kozan)|2015|129242.0|
Adana(Pozantı)|2015|19440.0|
Adana(Saimbeyli)|2015|15530.0|
Adana(Sarıçam)|2015|150425.0|
Adana(Seyhan)|2015|788722.0|
Adana(Tufanbeyli)|2015|17759.0|
Adana(Yumurtalık)|2015|18106.0|
Adana(Yüreğir)|2015|419011.0|
Adıyaman(Besni)|2015|75041.0|
Adıyaman(Çelikhan)|2015|15213.0|
Adıyaman(Gerger)|2015|19561.0|
Adıyaman(Gölbaşı)|2015|48027.0|
Adıyaman(Kahta)|2015|118646.0|
Adıyaman(Merkez)|2015|290382.0|
Adıyaman(Samsat)|2015|8190.0|
Adıyaman(Sincik)|2015|17592.0|
Adıyaman(Tut)|2015|10122.0|
Afyonkarahisar(Başmakçı)|2015|10286.0|
Afyonkarahisar(Bayat)|2015|8055.0|
Afyonkarahisar(Bolvadin)|2015|44550.0|
Afyonkarahisar(Çay)|2015|32093.0|
Afyonkarahisar(Çobanlar)|2015|14069.0|
Afyonkarahisar(Dazkırı)|2015|11010.0|
Afyonkarahisar(Dinar)|2015|47312.0|
Afyonkarahisar(Emirdağ)|2015|37246.0|
Afyonkarahisar(Evciler)|2015|7527.0|
Afyonkarahisar(Hocalar)|2015|10094.0|
Afyonkarahisar(İhsaniye)|2015|27853.0|
Afyonkarahisar(İscehisar)|2015|24310.0|
Afyonkarahisar(Kızılören)|2015|2463.0|
Afyonkarahisar(Merkez)|2015|283120.0|
Afyonkarahisar(Sandıklı)|2015|55714.0|
Afyonkarahisar(Sinanpaşa)|2015|40700.0|
Afyonkarahisar(Şuhut)|2015|37072.0|
Afyonkarahisar(Sultandağı)|2015|15541.0|
Ağrı(Diyadin)|2015|43947.0|
Ağrı(Doğubayazıt)|2015|121526.0|
Ağrı(Eleşkirt)|2015|35548.0|
Ağrı(Hamur)|2015|19721.0|
Ağrı(Merkez)|2015|148667.0|
Ağrı(Patnos)|2015|124762.0|
Ağrı(Taşlıçay)|2015|21249.0|
Ağrı(Tutak)|2015|31790.0|
Aksaray(Ağaçören)|2015|8467.0|
Aksaray(Eskil)|2015|25929.0|
Aksaray(Gülağaç)|2015|19334.0|
Aksaray(Güzelyurt)|2015|11710.0|
Aksaray(Merkez)|2015|283063.0|
Aksaray(Ortaköy)|2015|33113.0|
Aksaray(Sarıyahşi)|2015|4898.0|
Amasya(Göynücek)|2015|10443.0|
Amasya(Gümüşhacıköy)|2015|22943.0|
Amasya(Hamamözü)|2015|3873.0|
Amasya(Merkez)|2015|137549.0|
Amasya(Merzifon)|2015|70132.0|
Amasya(Suluova)|2015|46485.0|
Amasya(Taşova)|2015|30742.0|
Ankara(Akyurt)|2015|30245.0|
Ankara(Altındağ)|2015|363687.0|
Ankara(Ayaş)|2015|12678.0|
Ankara(Bala)|2015|21618.0|
Ankara(Beypazarı)|2015|47582.0|
Ankara(Çamlıdere)|2015|6479.0|
Ankara(Çankaya)|2015|922536.0|
Ankara(Çubuk)|2015|86055.0|
Ankara(Elmadağ)|2015|43776.0|
Ankara(Etimesgut)|2015|527959.0|
Ankara(Evren)|2015|2847.0|
Ankara(Gölbaşı)|2015|122288.0|
Ankara(Güdül)|2015|8392.0|
Ankara(Haymana)|2015|28355.0|
Ankara(Kalecik)|2015|13388.0|
Ankara(Kazan)|2015|51764.0|
Ankara(Keçiören)|2015|889876.0|
Ankara(Kızılcahamam)|2015|25179.0|
Ankara(Mamak)|2015|607878.0|
Ankara(Nallıhan)|2015|29209.0|
Ankara(Polatlı)|2015|121858.0|
Ankara(Pursaklar)|2015|133961.0|
Ankara(Şereflikoçhisar)|2015|33729.0|
Ankara(Sincan)|2015|506950.0|
Ankara(Yenimahalle)|2015|632286.0|
Antalya(Akseki)|2015|11088.0|
Antalya(Aksu)|2015|68496.0|
Antalya(Alanya)|2015|291643.0|
Antalya(Demre)|2015|26180.0|
Antalya(Döşemealtı)|2015|55462.0|
Antalya(Elmalı)|2015|38515.0|
Antalya(Finike)|2015|46817.0|
Antalya(Gazipaşa)|2015|48866.0|
Antalya(Gündoğmuş)|2015|7583.0|
Antalya(İbradı)|2015|2761.0|
Antalya(Kaş)|2015|56386.0|
Antalya(Kemer)|2015|42796.0|
Antalya(Kepez)|2015|497242.0|
Antalya(Konyaaltı)|2015|154920.0|
Antalya(Korkuteli)|2015|52746.0|
Antalya(Kumluca)|2015|67135.0|
Antalya(Manavgat)|2015|222419.0|
Antalya(Muratpaşa)|2015|477290.0|
Antalya(Serik)|2015|120111.0|
Ardahan(Çıldır)|2015|9759.0|
Ardahan(Damal)|2015|5554.0|
Ardahan(Göle)|2015|26254.0|
Ardahan(Hanak)|2015|9305.0|
Ardahan(Merkez)|2015|41422.0|
Ardahan(Posof)|2015|6971.0|
Artvin(Ardanuç)|2015|10890.0|
Artvin(Arhavi)|2015|20565.0|
Artvin(Borçka)|2015|22293.0|
Artvin(Hopa)|2015|34852.0|
Artvin(Merkez)|2015|34208.0|
Artvin(Murgul)|2015|7121.0|
Artvin(Şavşat)|2015|17524.0|
Artvin(Yusufeli)|2015|20917.0|
Aydın(Bozdoğan)|2015|34237.0|
Aydın(Buharkent)|2015|12505.0|
Aydın(Çine)|2015|50241.0|
Aydın(Didim)|2015|73827.0|
Aydın(Efeler)|2015|277466.0|
Aydın(Germencik)|2015|43367.0|
Aydın(İncirliova)|2015|47475.0|
Aydın(Karacasu)|2015|19162.0|
Aydın(Karpuzlu)|2015|11442.0|
Aydın(Koçarlı)|2015|23422.0|
Aydın(Köşk)|2015|27039.0|
Aydın(Kuşadası)|2015|103849.0|
Aydın(Kuyucak)|2015|27182.0|
Aydın(Nazilli)|2015|151789.0|
Aydın(Söke)|2015|116583.0|
Aydın(Sultanhisar)|2015|20983.0|
Aydın(Yenipazar)|2015|12937.0|
Balıkesir(Altıeylül)|2015|173686.0|
Balıkesir(Ayvalık)|2015|67902.0|
Balıkesir(Balya)|2015|13648.0|
Balıkesir(Bandırma)|2015|146688.0|
Balıkesir(Bigadiç)|2015|49539.0|
Balıkesir(Burhaniye)|2015|57090.0|
Balıkesir(Dursunbey)|2015|38522.0|
Balıkesir(Edremit)|2015|140857.0|
Balıkesir(Erdek)|2015|32899.0|
Balıkesir(Gömeç)|2015|12768.0|
Balıkesir(Gönen)|2015|72701.0|
Balıkesir(Havran)|2015|27564.0|
Balıkesir(İvrindi)|2015|33710.0|
Balıkesir(Karesi)|2015|173386.0|
Balıkesir(Kepsut)|2015|23508.0|
Balıkesir(Manyas)|2015|20154.0|
Balıkesir(Marmara)|2015|8848.0|
Balıkesir(Savaştepe)|2015|18677.0|
Balıkesir(Sındırgı)|2015|34868.0|
Balıkesir(Susurluk)|2015|39673.0|
Bartın(Amasra)|2015|15067.0|
Bartın(Kurucaşile)|2015|6759.0|
Bartın(Merkez)|2015|147472.0|
Bartın(Ulus)|2015|21410.0|
Batman(Beşiri)|2015|30129.0|
Batman(Gercüş)|2015|20278.0|
Batman(Hasankeyf)|2015|6374.0|
Batman(Kozluk)|2015|60691.0|
Batman(Merkez)|2015|419253.0|
Batman(Sason)|2015|29908.0|
Bayburt(Aydıntepe)|2015|8334.0|
Bayburt(Demirözü)|2015|8665.0|
Bayburt(Merkez)|2015|61551.0|
Bilecik(Bozüyük)|2015|70725.0|
Bilecik(Gölpazarı)|2015|10820.0|
Bilecik(İnhisar)|2015|2409.0|
Bilecik(Merkez)|2015|74019.0|
Bilecik(Osmaneli)|2015|21106.0|
Bilecik(Pazaryeri)|2015|10713.0|
Bilecik(Söğüt)|2015|19548.0|
Bilecik(Yenipazar)|2015|3021.0|
Bingöl(Adaklı)|2015|8625.0|
Bingöl(Genç)|2015|34591.0|
Bingöl(Karlıova)|2015|30603.0|
Bingöl(Kiğı)|2015|4958.0|
Bingöl(Merkez)|2015|150626.0|
Bingöl(Solhan)|2015|33088.0|
Bingöl(Yayladere)|2015|1836.0|
Bingöl(Yedisu)|2015|2857.0|
Bitlis(Adilcevaz)|2015|30917.0|
Bitlis(Ahlat)|2015|38622.0|
Bitlis(Güroymak)|2015|46428.0|
Bitlis(Hizan)|2015|35765.0|
Bitlis(Merkez)|2015|67373.0|
Bitlis(Mutki)|2015|32159.0|
Bitlis(Tatvan)|2015|89185.0|
Bolu(Dörtdivan)|2015|6396.0|
Bolu(Gerede)|2015|33662.0|
Bolu(Göynük)|2015|15372.0|
Bolu(Kıbrıscık)|2015|3286.0|
Bolu(Mengen)|2015|13790.0|
Bolu(Merkez)|2015|186275.0|
Bolu(Mudurnu)|2015|19721.0|
Bolu(Seben)|2015|5380.0|
Bolu(Yeniçağa)|2015|7213.0|
Burdur(Ağlasun)|2015|8382.0|
Burdur(Altınyayla)|2015|5374.0|
Burdur(Bucak)|2015|64783.0|
Burdur(Çavdır)|2015|12689.0|
Burdur(Çeltikçi)|2015|5278.0|
Burdur(Gölhisar)|2015|22093.0|
Burdur(Karamanlı)|2015|7952.0|
Burdur(Kemer)|2015|3512.0|
Burdur(Merkez)|2015|101912.0|
Burdur(Tefenni)|2015|10167.0|
Burdur(Yeşilova)|2015|16197.0|
Bursa(Büyükorhan)|2015|10774.0|
Bursa(Gemlik)|2015|105484.0|
Bursa(Gürsu)|2015|79540.0|
Bursa(Harmancık)|2015|6574.0|
Bursa(İnegöl)|2015|249091.0|
Bursa(İznik)|2015|42467.0|
Bursa(Karacabey)|2015|80573.0|
Bursa(Keles)|2015|12773.0|
Bursa(Kestel)|2015|54959.0|
Bursa(Mudanya)|2015|83174.0|
Bursa(Mustafakemalpaşa)|2015|99781.0|
Bursa(Nilüfer)|2015|397303.0|
Bursa(Orhaneli)|2015|20371.0|
Bursa(Orhangazi)|2015|76669.0|
Bursa(Osmangazi)|2015|826742.0|
Bursa(Yenişehir)|2015|52591.0|
Bursa(Yıldırım)|2015|643681.0|
Çanakkale(Ayvacık)|2015|31423.0|
Çanakkale(Bayramiç)|2015|29645.0|
Çanakkale(Biga)|2015|87747.0|
Çanakkale(Bozcaada)|2015|2643.0|
Çanakkale(Çan)|2015|48947.0|
Çanakkale(Eceabat)|2015|9088.0|
Çanakkale(Ezine)|2015|31801.0|
Çanakkale(Gelibolu)|2015|44131.0|
Çanakkale(Gökçeada)|2015|8906.0|
Çanakkale(Lapseki)|2015|25865.0|
Çanakkale(Merkez)|2015|159758.0|
Çanakkale(Yenice)|2015|33387.0|
Çankırı(Atkaracalar)|2015|4804.0|
Çankırı(Bayramören)|2015|2361.0|
Çankırı(Çerkeş)|2015|16539.0|
Çankırı(Eldivan)|2015|5346.0|
Çankırı(Ilgaz)|2015|13716.0|
Çankırı(Kızılırmak)|2015|7320.0|
Çankırı(Korgun)|2015|4116.0|
Çankırı(Kurşunlu)|2015|8178.0|
Çankırı(Merkez)|2015|88538.0|
Çankırı(Orta)|2015|11485.0|
Çankırı(Şabanözü)|2015|10746.0|
Çankırı(Yapraklı)|2015|7796.0|
Çorum(Alaca)|2015|32669.0|
Çorum(Bayat)|2015|17728.0|
Çorum(Boğazkale)|2015|3867.0|
Çorum(Dodurga)|2015|6066.0|
Çorum(İskilip)|2015|33812.0|
Çorum(Kargı)|2015|15441.0|
Çorum(Laçin)|2015|4829.0|
Çorum(Mecitözü)|2015|15714.0|
Çorum(Merkez)|2015|280631.0|
Çorum(Oğuzlar)|2015|5631.0|
Çorum(Ortaköy)|2015|8371.0|
Çorum(Osmancık)|2015|43469.0|
Çorum(Sungurlu)|2015|50214.0|
Çorum(Uğurludağ)|2015|6738.0|
Denizli(Acıpayam)|2015|55406.0|
Denizli(Babadağ)|2015|6611.0|
Denizli(Baklan)|2015|5816.0|
Denizli(Bekilli)|2015|7164.0|
Denizli(Beyağaç)|2015|6713.0|
Denizli(Bozkurt)|2015|12597.0|
Denizli(Buldan)|2015|27359.0|
Denizli(Çal)|2015|19699.0|
Denizli(Çameli)|2015|18442.0|
Denizli(Çardak)|2015|8906.0|
Denizli(Çivril)|2015|60716.0|
Denizli(Güney)|2015|10399.0|
Denizli(Honaz)|2015|31779.0|
Denizli(Kale)|2015|20667.0|
Denizli(Merkezefendi)|2015|280341.0|
Denizli(Pamukkale)|2015|331000.0|
Denizli(Sarayköy)|2015|29964.0|
Denizli(Serinhisar)|2015|14649.0|
Denizli(Tavas)|2015|45214.0|
Diyarbakır(Bağlar)|2015|375312.0|
Diyarbakır(Bismil)|2015|113725.0|
Diyarbakır(Çermik)|2015|50356.0|
Diyarbakır(Çınar)|2015|70519.0|
Diyarbakır(Çüngüş)|2015|12393.0|
Diyarbakır(Dicle)|2015|39025.0|
Diyarbakır(Eğil)|2015|22769.0|
Diyarbakır(Ergani)|2015|125290.0|
Diyarbakır(Hani)|2015|32600.0|
Diyarbakır(Hazro)|2015|16917.0|
Diyarbakır(Kayapınar)|2015|308994.0|
Diyarbakır(Kocaköy)|2015|16498.0|
Diyarbakır(Kulp)|2015|35061.0|
Diyarbakır(Lice)|2015|25354.0|
Diyarbakır(Silvan)|2015|84841.0|
Diyarbakır(Sur)|2015|117698.0|
Diyarbakır(Yenişehir)|2015|206844.0|
Düzce(Akçakoca)|2015|37570.0|
Düzce(Çilimli)|2015|18834.0|
Düzce(Cumayeri)|2015|13453.0|
Düzce(Gölyaka)|2015|20157.0|
Düzce(Gümüşova)|2015|14718.0|
Düzce(Kaynaşlı)|2015|20550.0|
Düzce(Merkez)|2015|219533.0|
Düzce(Yığılca)|2015|15573.0|
Edirne(Enez)|2015|10580.0|
Edirne(Havsa)|2015|19380.0|
Edirne(İpsala)|2015|28249.0|
Edirne(Keşan)|2015|81054.0|
Edirne(Lalapaşa)|2015|6979.0|
Edirne(Meriç)|2015|14259.0|
Edirne(Merkez)|2015|171386.0|
Edirne(Süloğlu)|2015|7457.0|
Edirne(Uzunköprü)|2015|63193.0|
Elazığ(Ağın)|2015|2650.0|
Elazığ(Alacakaya)|2015|6524.0|
Elazığ(Arıcak)|2015|14851.0|
Elazığ(Baskil)|2015|12981.0|
Elazığ(Karakoçan)|2015|28075.0|
Elazığ(Keban)|2015|6472.0|
Elazığ(Kovancılar)|2015|39341.0|
Elazığ(Maden)|2015|11543.0|
Elazığ(Merkez)|2015|424870.0|
Elazığ(Palu)|2015|18922.0|
Elazığ(Sivrice)|2015|8075.0|
Erzincan(Çayırlı)|2015|8980.0|
Erzincan(İliç)|2015|7495.0|
Erzincan(Kemah)|2015|7176.0|
Erzincan(Kemaliye)|2015|4979.0|
Erzincan(Merkez)|2015|152477.0|
Erzincan(Otlukbeli)|2015|2405.0|
Erzincan(Refahiye)|2015|10815.0|
Erzincan(Tercan)|2015|17318.0|
Erzincan(Üzümlü)|2015|11273.0|
Erzurum(Aşkale)|2015|23471.0|
Erzurum(Aziziye)|2015|53506.0|
Erzurum(Çat)|2015|17842.0|
Erzurum(Hınıs)|2015|27096.0|
Erzurum(Horasan)|2015|40299.0|
Erzurum(İspir)|2015|15603.0|
Erzurum(Karaçoban)|2015|23985.0|
Erzurum(Karayazı)|2015|29137.0|
Erzurum(Köprüköy)|2015|16520.0|
Erzurum(Narman)|2015|14234.0|
Erzurum(Oltu)|2015|31087.0|
Erzurum(Olur)|2015|6708.0|
Erzurum(Palandöken)|2015|167892.0|
Erzurum(Pasinler)|2015|30113.0|
Erzurum(Pazaryolu)|2015|4148.0|
Erzurum(Şenkaya)|2015|18895.0|
Erzurum(Tekman)|2015|26792.0|
Erzurum(Tortum)|2015|16007.0|
Erzurum(Uzundere)|2015|8058.0|
Erzurum(Yakutiye)|2015|190928.0|
Eskişehir(Alpu)|2015|11526.0|
Eskişehir(Beylikova)|2015|6091.0|
Eskişehir(Çifteler)|2015|15232.0|
Eskişehir(Günyüzü)|2015|5970.0|
Eskişehir(Han)|2015|1959.0|
Eskişehir(İnönü)|2015|6822.0|
Eskişehir(Mahmudiye)|2015|7987.0|
Eskişehir(Mihalgazi)|2015|4507.0|
Eskişehir(Mihalıççık)|2015|8850.0|
Eskişehir(Odunpazarı)|2015|383523.0|
Eskişehir(Sarıcakaya)|2015|5678.0|
Eskişehir(Seyitgazi)|2015|13753.0|
Eskişehir(Sivrihisar)|2015|21265.0|
Eskişehir(Tepebaşı)|2015|333553.0|
Gaziantep(Araban)|2015|31837.0|
Gaziantep(İslahiye)|2015|65799.0|
Gaziantep(Karkamış)|2015|9925.0|
Gaziantep(Nizip)|2015|137878.0|
Gaziantep(Nurdağı)|2015|37977.0|
Gaziantep(Oğuzeli)|2015|29661.0|
Gaziantep(Şahinbey)|2015|870493.0|
Gaziantep(Şehitkamil)|2015|726831.0|
Gaziantep(Yavuzeli)|2015|21435.0|
Giresun(Alucra)|2015|9104.0|
Giresun(Bulancak)|2015|63368.0|
Giresun(Çamoluk)|2015|5717.0|
Giresun(Çanakçı)|2015|6270.0|
Giresun(Dereli)|2015|20215.0|
Giresun(Doğankent)|2015|6385.0|
Giresun(Espiye)|2015|33870.0|
Giresun(Eynesil)|2015|12928.0|
Giresun(Görele)|2015|30457.0|
Giresun(Güce)|2015|7740.0|
Giresun(Keşap)|2015|21066.0|
Giresun(Merkez)|2015|128779.0|
Giresun(Piraziz)|2015|12775.0|
Giresun(Şebinkarahisar)|2015|21204.0|
Giresun(Tirebolu)|2015|30742.0|
Giresun(Yağlıdere)|2015|16066.0|
Gümüşhane(Kelkit)|2015|43362.0|
Gümüşhane(Köse)|2015|7097.0|
Gümüşhane(Kürtün)|2015|13016.0|
Gümüşhane(Merkez)|2015|53074.0|
Gümüşhane(Şiran)|2015|23902.0|
Gümüşhane(Torul)|2015|10998.0|
Hakkari(Çukurca)|2015|17250.0|
Hakkari(Merkez)|2015|79562.0|
Hakkari(Şemdinli)|2015|63816.0|
Hakkari(Yüksekova)|2015|118147.0|
Hatay(Altınözü)|2015|60743.0|
Hatay(Antakya)|2015|360652.0|
Hatay(Arsuz)|2015|82498.0|
Hatay(Belen)|2015|30842.0|
Hatay(Defne)|2015|140097.0|
Hatay(Dörtyol)|2015|118761.0|
Hatay(Erzin)|2015|41290.0|
Hatay(Hassa)|2015|54130.0|
Hatay(İskenderun)|2015|246207.0|
Hatay(Kırıkhan)|2015|108918.0|
Hatay(Kumlu)|2015|13060.0|
Hatay(Payas)|2015|40434.0|
Hatay(Reyhanlı)|2015|90758.0|
Hatay(Samandağ)|2015|117770.0|
Hatay(Yayladağı)|2015|27347.0|
Iğdır(Aralık)|2015|21495.0|
Iğdır(Karakoyunlu)|2015|13686.0|
Iğdır(Merkez)|2015|133704.0|
Iğdır(Tuzluca)|2015|23550.0|
Isparta(Aksu)|2015|4825.0|
Isparta(Atabey)|2015|5616.0|
Isparta(Eğirdir)|2015|32756.0|
Isparta(Gelendost)|2015|15818.0|
Isparta(Gönen)|2015|7412.0|
Isparta(Keçiborlu)|2015|14051.0|
Isparta(Merkez)|2015|235456.0|
Isparta(Şarkikaraağaç)|2015|25384.0|
Isparta(Senirkent)|2015|12318.0|
Isparta(Sütçüler)|2015|11070.0|
Isparta(Uluborlu)|2015|7099.0|
Isparta(Yalvaç)|2015|47769.0|
Isparta(Yenişarbademli)|2015|2192.0|
İstanbul(Adalar)|2015|15623.0|
İstanbul(Arnavutköy)|2015|236222.0|
İstanbul(Ataşehir)|2015|419368.0|
İstanbul(Avcılar)|2015|425228.0|
İstanbul(Bağcılar)|2015|757162.0|
İstanbul(Bahçelievler)|2015|602040.0|
İstanbul(Bakırköy)|2015|223248.0|
İstanbul(Başakşehir)|2015|353311.0|
İstanbul(Bayrampaşa)|2015|272374.0|
İstanbul(Beşiktaş)|2015|190033.0|
İstanbul(Beykoz)|2015|249727.0|
İstanbul(Beylikdüzü)|2015|279999.0|
İstanbul(Beyoğlu)|2015|242250.0|
İstanbul(Büyükçekmece)|2015|231064.0|
İstanbul(Çatalca)|2015|67329.0|
İstanbul(Çekmeköy)|2015|231818.0|
İstanbul(Esenler)|2015|459983.0|
İstanbul(Esenyurt)|2015|742810.0|
İstanbul(Eyüp)|2015|375409.0|
İstanbul(Fatih)|2015|419345.0|
İstanbul(Gaziosmanpaşa)|2015|501546.0|
İstanbul(Güngören)|2015|302066.0|
İstanbul(Kadıköy)|2015|465954.0|
İstanbul(Kağıthane)|2015|437942.0|
İstanbul(Kartal)|2015|457552.0|
İstanbul(Küçükçekmece)|2015|761064.0|
İstanbul(Maltepe)|2015|487337.0|
İstanbul(Pendik)|2015|681736.0|
İstanbul(Sancaktepe)|2015|354882.0|
İstanbul(Sarıyer)|2015|344159.0|
İstanbul(Şile)|2015|33477.0|
İstanbul(Silivri)|2015|165084.0|
İstanbul(Şişli)|2015|274017.0|
İstanbul(Sultanbeyli)|2015|321730.0|
İstanbul(Sultangazi)|2015|521524.0|
İstanbul(Tuzla)|2015|234372.0|
İstanbul(Ümraniye)|2015|688347.0|
İstanbul(Üsküdar)|2015|540617.0|
İstanbul(Zeytinburnu)|2015|289685.0|
İzmir(Aliağa)|2015|87376.0|
İzmir(Balçova)|2015|78121.0|
İzmir(Bayındır)|2015|39925.0|
İzmir(Bayraklı)|2015|312263.0|
İzmir(Bergama)|2015|101917.0|
İzmir(Beydağ)|2015|12276.0|
İzmir(Bornova)|2015|435162.0|
İzmir(Buca)|2015|470768.0|
İzmir(Çeşme)|2015|39243.0|
İzmir(Çiğli)|2015|182349.0|
İzmir(Dikili)|2015|40537.0|
İzmir(Foça)|2015|28647.0|
İzmir(Gaziemir)|2015|132365.0|
İzmir(Güzelbahçe)|2015|29774.0|
İzmir(Karabağlar)|2015|477238.0|
İzmir(Karaburun)|2015|9403.0|
İzmir(Karşıyaka)|2015|333250.0|
İzmir(Kemalpaşa)|2015|101693.0|
İzmir(Kınık)|2015|28052.0|
İzmir(Kiraz)|2015|43615.0|
İzmir(Konak)|2015|375490.0|
İzmir(Menderes)|2015|83331.0|
İzmir(Menemen)|2015|156974.0|
İzmir(Narlıdere)|2015|64712.0|
İzmir(Ödemiş)|2015|132028.0|
İzmir(Seferihisar)|2015|36335.0|
İzmir(Selçuk)|2015|35736.0|
İzmir(Tire)|2015|82102.0|
İzmir(Torbalı)|2015|156983.0|
İzmir(Urla)|2015|60750.0|
Kahramanmaraş(Afşin)|2015|81390.0|
Kahramanmaraş(Andırın)|2015|34038.0|
Kahramanmaraş(Çağlayancerit)|2015|23607.0|
Kahramanmaraş(Dulkadiroğlu)|2015|218067.0|
Kahramanmaraş(Ekinözü)|2015|11886.0|
Kahramanmaraş(Elbistan)|2015|141468.0|
Kahramanmaraş(Göksun)|2015|51415.0|
Kahramanmaraş(Nurhak)|2015|12504.0|
Kahramanmaraş(Onikişubat)|2015|384953.0|
Kahramanmaraş(Pazarcık)|2015|67802.0|
Kahramanmaraş(Türkoğlu)|2015|69480.0|
Karabük(Eflani)|2015|8499.0|
Karabük(Eskipazar)|2015|12493.0|
Karabük(Merkez)|2015|132658.0|
Karabük(Ovacık)|2015|3107.0|
Karabük(Safranbolu)|2015|59800.0|
Karabük(Yenice)|2015|20421.0|
Karaman(Ayrancı)|2015|8497.0|
Karaman(Başyayla)|2015|3706.0|
Karaman(Ermenek)|2015|29558.0|
Karaman(Kazımkarabekir)|2015|4320.0|
Karaman(Merkez)|2015|184493.0|
Karaman(Sarıveliler)|2015|11622.0|
Kars(Akyaka)|2015|11079.0|
Kars(Arpaçay)|2015|18156.0|
Kars(Digor)|2015|24041.0|
Kars(Kağızman)|2015|46031.0|
Kars(Merkez)|2015|112260.0|
Kars(Sarıkamış)|2015|45843.0|
Kars(Selim)|2015|24204.0|
Kars(Susuz)|2015|11046.0|
Kastamonu(Abana)|2015|4215.0|
Kastamonu(Ağlı)|2015|2903.0|
Kastamonu(Araç)|2015|18861.0|
Kastamonu(Azdavay)|2015|6885.0|
Kastamonu(Bozkurt)|2015|9141.0|
Kastamonu(Çatalzeytin)|2015|6504.0|
Kastamonu(Cide)|2015|23838.0|
Kastamonu(Daday)|2015|8883.0|
Kastamonu(Devrekani)|2015|12386.0|
Kastamonu(Doğanyurt)|2015|6209.0|
Kastamonu(Hanönü)|2015|3898.0|
Kastamonu(İhsangazi)|2015|5939.0|
Kastamonu(İnebolu)|2015|22144.0|
Kastamonu(Küre)|2015|6405.0|
Kastamonu(Merkez)|2015|140944.0|
Kastamonu(Pınarbaşı)|2015|5606.0|
Kastamonu(Şenpazar)|2015|5176.0|
Kastamonu(Seydiler)|2015|3913.0|
Kastamonu(Taşköprü)|2015|38253.0|
Kastamonu(Tosya)|2015|40530.0|
Kayseri(Akkışla)|2015|6079.0|
Kayseri(Bünyan)|2015|26812.0|
Kayseri(Develi)|2015|64072.0|
Kayseri(Felahiye)|2015|5834.0|
Kayseri(Hacılar)|2015|12484.0|
Kayseri(İncesu)|2015|24309.0|
Kayseri(Kocasinan)|2015|388364.0|
Kayseri(Melikgazi)|2015|548028.0|
Kayseri(Özvatan)|2015|3620.0|
Kayseri(Pınarbaşı)|2015|24198.0|
Kayseri(Sarıoğlan)|2015|14106.0|
Kayseri(Sarız)|2015|9713.0|
Kayseri(Talas)|2015|137933.0|
Kayseri(Tomarza)|2015|23347.0|
Kayseri(Yahyalı)|2015|36378.0|
Kayseri(Yeşilhisar)|2015|15779.0|
Kilis(Elbeyli)|2015|5852.0|
Kilis(Merkez)|2015|106293.0|
Kilis(Musabeyli)|2015|13359.0|
Kilis(Polateli)|2015|5151.0|
Kırıkkale(Bahşili)|2015|6772.0|
Kırıkkale(Balışeyh)|2015|5782.0|
Kırıkkale(Çelebi)|2015|2183.0|
Kırıkkale(Delice)|2015|8376.0|
Kırıkkale(Karakeçili)|2015|3365.0|
Kırıkkale(Keskin)|2015|16729.0|
Kırıkkale(Merkez)|2015|198132.0|
Kırıkkale(Sulakyurt)|2015|6685.0|
Kırıkkale(Yahşihan)|2015|22247.0|
Kırklareli(Babaeski)|2015|47851.0|
Kırklareli(Demirköy)|2015|8448.0|
Kırklareli(Kofçaz)|2015|2644.0|
Kırklareli(Lüleburgaz)|2015|142840.0|
Kırklareli(Merkez)|2015|95274.0|
Kırklareli(Pehlivanköy)|2015|3790.0|
Kırklareli(Pınarhisar)|2015|18704.0|
Kırklareli(Vize)|2015|27422.0|
Kırşehir(Akçakent)|2015|3855.0|
Kırşehir(Akpınar)|2015|7489.0|
Kırşehir(Boztepe)|2015|5276.0|
Kırşehir(Çiçekdağı)|2015|14339.0|
Kırşehir(Kaman)|2015|37014.0|
Kırşehir(Merkez)|2015|139235.0|
Kırşehir(Mucur)|2015|18354.0|
Kocaeli(Başiskele)|2015|84235.0|
Kocaeli(Çayırova)|2015|117230.0|
Kocaeli(Darıca)|2015|182710.0|
Kocaeli(Derince)|2015|136742.0|
Kocaeli(Dilovası)|2015|46099.0|
Kocaeli(Gebze)|2015|350115.0|
Kocaeli(Gölcük)|2015|152607.0|
Kocaeli(İzmit)|2015|347074.0|
Kocaeli(Kandıra)|2015|48937.0|
Kocaeli(Karamürsel)|2015|55169.0|
Kocaeli(Kartepe)|2015|107988.0|
Kocaeli(Körfez)|2015|151149.0|
Konya(Ahırlı)|2015|4545.0|
Konya(Akören)|2015|6409.0|
Konya(Akşehir)|2015|94159.0|
Konya(Altınekin)|2015|14171.0|
Konya(Beyşehir)|2015|71370.0|
Konya(Bozkır)|2015|27006.0|
Konya(Çeltik)|2015|9864.0|
Konya(Cihanbeyli)|2015|53551.0|
Konya(Çumra)|2015|65152.0|
Konya(Derbent)|2015|4441.0|
Konya(Derebucak)|2015|6807.0|
Konya(Doğanhisar)|2015|17069.0|
Konya(Emirgazi)|2015|8939.0|
Konya(Ereğli)|2015|139173.0|
Konya(Güneysınır)|2015|9636.0|
Konya(Hadim)|2015|12820.0|
Konya(Halkapınar)|2015|4412.0|
Konya(Hüyük)|2015|15899.0|
Konya(Ilgın)|2015|55484.0|
Konya(Kadınhanı)|2015|32670.0|
Konya(Karapınar)|2015|49098.0|
Konya(Karatay)|2015|302392.0|
Konya(Kulu)|2015|49283.0|
Konya(Meram)|2015|343384.0|
Konya(Sarayönü)|2015|26450.0|
Konya(Selçuklu)|2015|604706.0|
Konya(Seydişehir)|2015|64028.0|
Konya(Taşkent)|2015|6420.0|
Konya(Tuzlukçu)|2015|6754.0|
Konya(Yalıhüyük)|2015|1512.0|
Konya(Yunak)|2015|22940.0|
Kütahya(Altıntaş)|2015|16477.0|
Kütahya(Aslanapa)|2015|9986.0|
Kütahya(Çavdarhisar)|2015|7072.0|
Kütahya(Domaniç)|2015|15248.0|
Kütahya(Dumlupınar)|2015|2928.0|
Kütahya(Emet)|2015|21145.0|
Kütahya(Gediz)|2015|50499.0|
Kütahya(Hisarcık)|2015|13009.0|
Kütahya(Merkez)|2015|256587.0|
Kütahya(Pazarlar)|2015|5258.0|
Kütahya(Şaphane)|2015|6762.0|
Kütahya(Simav)|2015|64351.0|
Kütahya(Tavşanlı)|2015|102141.0|
Malatya(Akçadağ)|2015|27437.0|
Malatya(Arapgir)|2015|10623.0|
Malatya(Arguvan)|2015|7757.0|
Malatya(Battalgazi)|2015|301483.0|
Malatya(Darende)|2015|26656.0|
Malatya(Doğanşehir)|2015|39391.0|
Malatya(Doğanyol)|2015|4196.0|
Malatya(Hekimhan)|2015|18616.0|
Malatya(Kale)|2015|5384.0|
Malatya(Kuluncak)|2015|7748.0|
Malatya(Pütürge)|2015|15709.0|
Malatya(Yazıhan)|2015|13452.0|
Malatya(Yeşilyurt)|2015|294452.0|
Manisa(Ahmetli)|2015|16460.0|
Manisa(Akhisar)|2015|164557.0|
Manisa(Alaşehir)|2015|100254.0|
Manisa(Demirci)|2015|42278.0|
Manisa(Gölmarmara)|2015|15224.0|
Manisa(Gördes)|2015|29044.0|
Manisa(Kırkağaç)|2015|43274.0|
Manisa(Köprübaşı)|2015|13586.0|
Manisa(Kula)|2015|45357.0|
Manisa(Salihli)|2015|158568.0|
Manisa(Sarıgöl)|2015|35966.0|
Manisa(Saruhanlı)|2015|53692.0|
Manisa(Şehzadeler)|2015|168695.0|
Manisa(Selendi)|2015|20976.0|
Manisa(Soma)|2015|107075.0|
Manisa(Turgutlu)|2015|153687.0|
Manisa(Yunusemre)|2015|211673.0|
Mardin(Artuklu)|2015|156660.0|
Mardin(Dargeçit)|2015|27722.0|
Mardin(Derik)|2015|62175.0|
Mardin(Kızıltepe)|2015|237694.0|
Mardin(Mazıdağı)|2015|33930.0|
Mardin(Midyat)|2015|105952.0|
Mardin(Nusaybin)|2015|113594.0|
Mardin(Ömerli)|2015|14485.0|
Mardin(Savur)|2015|28127.0|
Mardin(Yeşilli)|2015|16252.0|
Mersin(Akdeniz)|2015|272366.0|
Mersin(Anamur)|2015|64263.0|
Mersin(Aydıncık)|2015|11139.0|
Mersin(Bozyazı)|2015|26501.0|
Mersin(Çamlıyayla)|2015|8424.0|
Mersin(Erdemli)|2015|134114.0|
Mersin(Gülnar)|2015|25452.0|
Mersin(Mezitli)|2015|171837.0|
Mersin(Mut)|2015|62198.0|
Mersin(Silifke)|2015|116441.0|
Mersin(Tarsus)|2015|326063.0|
Mersin(Toroslar)|2015|285971.0|
Mersin(Yenişehir)|2015|240452.0|
Muğla(Bodrum)|2015|155815.0|
Muğla(Dalaman)|2015|37406.0|
Muğla(Datça)|2015|20029.0|
Muğla(Fethiye)|2015|147703.0|
Muğla(Kavaklıdere)|2015|10759.0|
Muğla(Köyceğiz)|2015|34363.0|
Muğla(Marmaris)|2015|89630.0|
Muğla(Menteşe)|2015|105860.0|
Muğla(Milas)|2015|132437.0|
Muğla(Ortaca)|2015|45875.0|
Muğla(Seydikemer)|2015|61019.0|
Muğla(Ula)|2015|23618.0|
Muğla(Yatağan)|2015|44363.0|
Muş(Bulanık)|2015|82205.0|
Muş(Hasköy)|2015|26639.0|
Muş(Korkut)|2015|26035.0|
Muş(Malazgirt)|2015|54112.0|
Muş(Merkez)|2015|188550.0|
Muş(Varto)|2015|31187.0|
Nevşehir(Acıgöl)|2015|19203.0|
Nevşehir(Avanos)|2015|33328.0|
Nevşehir(Derinkuyu)|2015|21108.0|
Nevşehir(Gülşehir)|2015|22118.0|
Nevşehir(Hacıbektaş)|2015|11084.0|
Nevşehir(Kozaklı)|2015|14037.0|
Nevşehir(Merkez)|2015|130998.0|
Nevşehir(Ürgüp)|2015|34891.0|
Niğde(Altunhisar)|2015|13438.0|
Niğde(Bor)|2015|61145.0|
Niğde(Çamardı)|2015|13219.0|
Niğde(Çiftlik)|2015|27742.0|
Niğde(Merkez)|2015|211092.0|
Niğde(Ulukışla)|2015|19478.0|
Ordu(Akkuş)|2015|23064.0|
Ordu(Altınordu)|2015|202310.0|
Ordu(Aybastı)|2015|25900.0|
Ordu(Çamaş)|2015|8594.0|
Ordu(Çatalpınar)|2015|13786.0|
Ordu(Çaybaşı)|2015|13127.0|
Ordu(Fatsa)|2015|111072.0|
Ordu(Gölköy)|2015|28952.0|
Ordu(Gülyalı)|2015|7994.0|
Ordu(Gürgentepe)|2015|13821.0|
Ordu(İkizce)|2015|14969.0|
Ordu(Kabadüz)|2015|8531.0|
Ordu(Kabataş)|2015|10604.0|
Ordu(Korgan)|2015|29349.0|
Ordu(Kumru)|2015|31064.0|
Ordu(Mesudiye)|2015|15759.0|
Ordu(Perşembe)|2015|31094.0|
Ordu(Ulubey)|2015|18239.0|
Ordu(Ünye)|2015|120720.0|
Osmaniye(Bahçe)|2015|21115.0|
Osmaniye(Düziçi)|2015|80691.0|
Osmaniye(Hasanbeyli)|2015|4127.0|
Osmaniye(Kadirli)|2015|119857.0|
Osmaniye(Merkez)|2015|254116.0|
Osmaniye(Sumbas)|2015|14518.0|
Osmaniye(Toprakkale)|2015|18449.0|
Rize(Ardeşen)|2015|40278.0|
Rize(Çamlıhemşin)|2015|6203.0|
Rize(Çayeli)|2015|41916.0|
Rize(Derepazarı)|2015|8104.0|
Rize(Fındıklı)|2015|16163.0|
Rize(Güneysu)|2015|13794.0|
Rize(Hemşin)|2015|2365.0|
Rize(İkizdere)|2015|5711.0|
Rize(İyidere)|2015|8373.0|
Rize(Kalkandere)|2015|12077.0|
Rize(Merkez)|2015|143461.0|
Rize(Pazar)|2015|30534.0|
Sakarya(Adapazarı)|2015|269079.0|
Sakarya(Akyazı)|2015|85499.0|
Sakarya(Arifiye)|2015|39632.0|
Sakarya(Erenler)|2015|81660.0|
Sakarya(Ferizli)|2015|24834.0|
Sakarya(Geyve)|2015|48374.0|
Sakarya(Hendek)|2015|78179.0|
Sakarya(Karapürçek)|2015|12381.0|
Sakarya(Karasu)|2015|59130.0|
Sakarya(Kaynarca)|2015|23489.0|
Sakarya(Kocaali)|2015|21050.0|
Sakarya(Pamukova)|2015|28506.0|
Sakarya(Sapanca)|2015|39686.0|
Sakarya(Serdivan)|2015|120731.0|
Sakarya(Söğütlü)|2015|13960.0|
Sakarya(Taraklı)|2015|6991.0|
Samsun(19 Mayıs)|2015|24627.0|
Samsun(Alaçam)|2015|26301.0|
Samsun(Asarcık)|2015|17238.0|
Samsun(Atakum)|2015|169809.0|
Samsun(Ayvacık)|2015|20619.0|
Samsun(Bafra)|2015|141401.0|
Samsun(Canik)|2015|96541.0|
Samsun(Çarşamba)|2015|136775.0|
Samsun(Havza)|2015|41146.0|
Samsun(İlkadım)|2015|321714.0|
Samsun(Kavak)|2015|20130.0|
Samsun(Ladik)|2015|16474.0|
Samsun(Salıpazarı)|2015|18869.0|
Samsun(Tekkeköy)|2015|49843.0|
Samsun(Terme)|2015|71910.0|
Samsun(Vezirköprü)|2015|97815.0|
Samsun(Yakakent)|2015|8672.0|
Şanlıurfa(Akçakale)|2015|102350.0|
Şanlıurfa(Birecik)|2015|92852.0|
Şanlıurfa(Bozova)|2015|54775.0|
Şanlıurfa(Ceylanpınar)|2015|83177.0|
Şanlıurfa(Eyyübiye)|2015|368293.0|
Şanlıurfa(Halfeti)|2015|37930.0|
Şanlıurfa(Haliliye)|2015|364946.0|
Şanlıurfa(Harran)|2015|81870.0|
Şanlıurfa(Hilvan)|2015|41644.0|
Şanlıurfa(Karaköprü)|2015|132530.0|
Şanlıurfa(Siverek)|2015|245385.0|
Şanlıurfa(Suruç)|2015|101964.0|
Şanlıurfa(Viranşehir)|2015|184604.0|
Siirt(Baykan)|2015|26615.0|
Siirt(Eruh)|2015|19796.0|
Siirt(Kurtalan)|2015|58343.0|
Siirt(Merkez)|2015|156363.0|
Siirt(Pervari)|2015|31696.0|
Siirt(Şirvan)|2015|23402.0|
Siirt(Tillo)|2015|4136.0|
Sinop(Ayancık)|2015|22565.0|
Sinop(Boyabat)|2015|43826.0|
Sinop(Dikmen)|2015|5488.0|
Sinop(Durağan)|2015|18456.0|
Sinop(Erfelek)|2015|11130.0|
Sinop(Gerze)|2015|22623.0|
Sinop(Merkez)|2015|60880.0|
Sinop(Saraydüzü)|2015|5000.0|
Sinop(Türkeli)|2015|14165.0|
Şırnak(Beytüşşebap)|2015|17100.0|
Şırnak(Cizre)|2015|131816.0|
Şırnak(Güçlükonak)|2015|12267.0|
Şırnak(İdil)|2015|72946.0|
Şırnak(Merkez)|2015|92206.0|
Şırnak(Silopi)|2015|121463.0|
Şırnak(Uludere)|2015|42386.0|
Sivas(Akıncılar)|2015|4964.0|
Sivas(Altınyayla)|2015|9302.0|
Sivas(Divriği)|2015|16040.0|
Sivas(Doğanşar)|2015|2918.0|
Sivas(Gemerek)|2015|23390.0|
Sivas(Gölova)|2015|3220.0|
Sivas(Gürün)|2015|19135.0|
Sivas(Hafik)|2015|9053.0|
Sivas(İmranlı)|2015|7265.0|
Sivas(Kangal)|2015|21975.0|
Sivas(Koyulhisar)|2015|12310.0|
Sivas(Merkez)|2015|359219.0|
Sivas(Şarkışla)|2015|37520.0|
Sivas(Suşehri)|2015|25340.0|
Sivas(Ulaş)|2015|8799.0|
Sivas(Yıldızeli)|2015|35980.0|
Sivas(Zara)|2015|22187.0|
Tekirdağ(Çerkezköy)|2015|133626.0|
Tekirdağ(Çorlu)|2015|245588.0|
Tekirdağ(Ergene)|2015|58311.0|
Tekirdağ(Hayrabolu)|2015|32602.0|
Tekirdağ(Kapaklı)|2015|97700.0|
Tekirdağ(Malkara)|2015|52663.0|
Tekirdağ(Marmaraereğlisi)|2015|23452.0|
Tekirdağ(Muratlı)|2015|26987.0|
Tekirdağ(Saray)|2015|48272.0|
Tekirdağ(Şarköy)|2015|30982.0|
Tekirdağ(Süleymanpaşa)|2015|187727.0|
Tokat(Almus)|2015|26004.0|
Tokat(Artova)|2015|8752.0|
Tokat(Başçiftlik)|2015|10610.0|
Tokat(Erbaa)|2015|92654.0|
Tokat(Merkez)|2015|188736.0|
Tokat(Niksar)|2015|62735.0|
Tokat(Pazar)|2015|13804.0|
Tokat(Reşadiye)|2015|35790.0|
Tokat(Sulusaray)|2015|8442.0|
Tokat(Turhal)|2015|80171.0|
Tokat(Yeşilyurt)|2015|9565.0|
Tokat(Zile)|2015|56727.0|
Trabzon(Akçaabat)|2015|116744.0|
Trabzon(Araklı)|2015|47427.0|
Trabzon(Arsin)|2015|27814.0|
Trabzon(Beşikdüzü)|2015|21692.0|
Trabzon(Çarşıbaşı)|2015|15399.0|
Trabzon(Çaykara)|2015|12874.0|
Trabzon(Dernekpazarı)|2015|3564.0|
Trabzon(Düzköy)|2015|14234.0|
Trabzon(Hayrat)|2015|6945.0|
Trabzon(Köprübaşı)|2015|4577.0|
Trabzon(Maçka)|2015|23603.0|
Trabzon(Of)|2015|41277.0|
Trabzon(Ortahisar)|2015|320225.0|
Trabzon(Şalpazarı)|2015|10318.0|
Trabzon(Sürmene)|2015|25764.0|
Trabzon(Tonya)|2015|14771.0|
Trabzon(Vakfıkebir)|2015|26560.0|
Trabzon(Yomra)|2015|34629.0|
Tunceli(Çemişgezek)|2015|7709.0|
Tunceli(Hozat)|2015|6988.0|
Tunceli(Mazgirt)|2015|8090.0|
Tunceli(Merkez)|2015|38878.0|
Tunceli(Nazımiye)|2015|3249.0|
Tunceli(Ovacık)|2015|6438.0|
Tunceli(Pertek)|2015|11466.0|
Tunceli(Pülümür)|2015|3258.0|
Uşak(Banaz)|2015|36325.0|
Uşak(Eşme)|2015|35544.0|
Uşak(Karahallı)|2015|10624.0|
Uşak(Merkez)|2015|236301.0|
Uşak(Sivaslı)|2015|20883.0|
Uşak(Ulubey)|2015|13371.0|
Van(Bahçesaray)|2015|15619.0|
Van(Başkale)|2015|56368.0|
Van(Çaldıran)|2015|65986.0|
Van(Çatak)|2015|21780.0|
Van(Edremit)|2015|118786.0|
Van(Erciş)|2015|173795.0|
Van(Gevaş)|2015|28801.0|
Van(Gürpınar)|2015|36858.0|
Van(İpekyolu)|2015|285272.0|
Van(Muradiye)|2015|50981.0|
Van(Özalp)|2015|70057.0|
Van(Saray)|2015|22150.0|
Van(Tuşba)|2015|149944.0|
Yalova(Altınova)|2015|24140.0|
Yalova(Armutlu)|2015|8492.0|
Yalova(Çiftlikköy)|2015|34094.0|
Yalova(Çınarcık)|2015|28092.0|
Yalova(Merkez)|2015|132322.0|
Yalova(Termal)|2015|5869.0|
Yozgat(Akdağmadeni)|2015|44326.0|
Yozgat(Aydıncık)|2015|10089.0|
Yozgat(Boğazlıyan)|2015|33794.0|
Yozgat(Çandır)|2015|4399.0|
Yozgat(Çayıralan)|2015|13073.0|
Yozgat(Çekerek)|2015|20857.0|
Yozgat(Kadışehri)|2015|12768.0|
Yozgat(Merkez)|2015|98248.0|
Yozgat(Saraykent)|2015|12909.0|
Yozgat(Sarıkaya)|2015|33419.0|
Yozgat(Şefaatli)|2015|15371.0|
Yozgat(Sorgun)|2015|78178.0|
Yozgat(Yenifakılı)|2015|5502.0|
Yozgat(Yerköy)|2015|36507.0|
Zonguldak(Alaplı)|2015|44300.0|
Zonguldak(Çaycuma)|2015|91190.0|
Zonguldak(Devrek)|2015|56282.0|
Zonguldak(Ereğli)|2015|173886.0|
Zonguldak(Gökçebey)|2015|21402.0|
Zonguldak(Kilimli)|2015|38190.0|
Zonguldak(Kozlu)|2015|44376.0|
Zonguldak(Merkez)|2015|126281.0|
|||
